CustomerID,FullName,EmailAddress,Age,PhoneNumber,Address,Married
1,Jessica Heath,merrittryan@example.net,40,782-842-1275x39007,"26584 Megan Gardens Apt. 352
Murphyview, PA 17618",No
2,Amanda Conner,victorfernandez@example.org,46,001-813-861-5118x8960,"54912 Julie Divide
North Aprilmouth, ND 71777",No
3,Derek Reyes,zjohnson@example.com,22,+1-574-971-5068x4949,"65011 Joyce Run Suite 074
Port Olivia, WV 24688",Yes
4,Jacob Greer DDS,charlesmiles@example.net,31,(774)701-9036,"PSC 3773, Box 3897
APO AP 04414",No
5,Angela Lewis,mikayla26@example.net,33,(761)798-8655x8531,"112 Philip Glens
Thompsonfort, IL 53112",No
6,Phillip Franklin,victoriaberry@example.net,37,(820)845-7303,"590 Hudson Grove Apt. 239
East Christianton, MD 68936",No
7,Tony Farley,rebekahherrera@example.com,33,+1-347-596-8821x7115,"46155 Grant Estates Suite 077
Daltonborough, DE 51021",No
8,Kim Vincent,zedwards@example.net,40,001-602-620-3598x6313,"108 Farrell Tunnel
Espinozafort, GA 95098",No
9,Aaron Huerta,jayclark@example.net,28,+1-504-767-1473x092,"744 Green Cove
East Kelsey, IA 34536",No
10,John Ramsey,jamesrosales@example.com,29,663.321.5933x096,"146 Harris Alley
North Audreyport, OH 33318",No
11,Miranda Garrett,smithtina@example.net,25,001-725-849-5707x8542,"568 Kaitlyn Fords
Port Kathleen, MN 61662",No
12,Kristin Sanchez,conniegriffin@example.org,28,739-560-8296,"USS Obrien
FPO AE 12923",Yes
13,David Moore,amack@example.net,49,(542)298-1674x99707,"84700 Robertson Flats Suite 438
West Kevinton, DE 37129",Yes
14,Laura Wheeler,susansmith@example.org,35,+1-515-504-9046x28818,"5922 Ramos Isle
Brianborough, AS 29195",No
15,Stephanie Thornton,joseph28@example.com,29,8409652550,"2101 Sullivan Row
Lisafort, AL 25899",No
16,Kyle Gordon,aguirrejustin@example.net,31,(464)855-6986x0462,"34873 Gibson Village Apt. 928
Port Patrickside, RI 90953",Yes
17,Marcus Brennan,fgrant@example.net,63,366-901-8578x351,"052 Walker Bypass
West Jeremyland, RI 77585",No
18,Ernest Reyes Jr.,nathan53@example.net,37,(825)473-3443x0788,"8265 Francis Camp Apt. 818
Shepherdton, SC 38899",Yes
19,Brian Hamilton,elewis@example.org,39,+1-327-209-1239,"6585 Wright Park
Sandersview, NC 31477",No
20,Daniel Padilla,staceyvincent@example.org,23,8026605358,"Unit 8969 Box 8281
DPO AP 15951",No
21,Patrick Acosta,heathercummings@example.com,44,001-442-414-1843x73910,"794 Stephen Club Apt. 394
Markland, PW 66541",Yes
22,Angel Jacobs,zgray@example.net,35,749-446-7808,"76203 Stephen Village
South Scott, KS 36823",Yes
23,Austin Baker,thorntonjoseph@example.org,52,7218175026,"63559 Martin Crossing Suite 582
Douglasside, PW 48841",Yes
24,Rachel Orr,ncalderon@example.com,42,4566728040,"PSC 6119, Box 9543
APO AE 83176",No
25,Alexandra Lawson,matthewshannon@example.org,29,204.332.5482x33389,"2254 Joseph Lane
Hillbury, KY 57190",Yes
26,Dennis Young,mgeorge@example.net,41,+1-988-656-9426x5557,"8184 Karen Divide
Morganland, WA 92129",Yes
27,Michelle Johnson,carmen23@example.com,37,(583)714-6243x03734,"33205 Chloe Drive
Greenemouth, WV 19464",Yes
28,Alexis Lee,cstein@example.net,41,754-262-6456,"6622 Woods Coves
Sierraport, AZ 25722",Yes
29,Darren Mcintosh,drew09@example.net,50,315-859-8926x09624,"31941 Young Vista
North Marymouth, LA 36117",No
30,Justin Johnson IV,jenkinstheresa@example.com,27,001-732-988-5453x1042,"778 Amanda Spurs
East Joyce, VT 68806",Yes
31,Leah Silva,munozrebecca@example.net,52,+1-605-214-3998,"0703 Ochoa Trace Suite 434
East Rachel, AL 70463",Yes
32,Jacob Evans,michaelwilliams@example.org,33,001-734-257-8761x99838,"777 Dean Extensions Suite 910
Markview, ME 79567",No
33,Amanda Hunt,berrystefanie@example.org,35,(477)758-6177,"1212 Garcia Port Apt. 248
Port Sean, RI 18698",Yes
34,Audrey Jackson,lopezjoseph@example.org,32,001-482-540-7648,"26899 Samantha Falls
Catherinechester, WV 14870",No
35,Meghan Burns,sharonrichards@example.com,37,392-455-4737x43649,"270 Jones Forges
Port Logan, SC 14478",No
36,Terri Rodriguez,ramseycorey@example.com,21,+1-378-906-0259x59367,"997 Kathleen Court Suite 035
East Ryanfort, IN 84941",No
37,David Barr,dwalker@example.com,18,(696)643-7666,"632 Adam Landing
Lindseystad, WA 64631",Yes
38,Maurice Miller,michelemarquez@example.net,33,(513)490-4263x46048,"2535 Reynolds Landing
North Lauramouth, VT 79943",No
39,Alison Vincent,salazarnoah@example.org,35,+1-380-628-9746,"803 Gay River
Bookerton, NE 26909",No
40,Amanda Ramirez,walshlaura@example.net,31,+1-811-583-8844x9379,"Unit 2791 Box 2749
DPO AA 22618",Yes
41,Nicholas Jackson,udavis@example.com,46,315-473-5146x37795,"8050 White Plaza
Richardstad, FM 84001",Yes
42,Crystal Jones,amber59@example.com,45,001-466-540-8122x8352,"635 Barr Skyway
Port Eric, WY 29284",Yes
43,Alicia Moran,breanna52@example.org,29,910.484.3638x605,"73546 Jessica Brook Apt. 488
North Patrickbury, CO 51295",No
44,Brian West,vangjulia@example.org,58,268.882.8624,"PSC 0176, Box 1602
APO AP 26562",No
45,Ian Morrison,michael09@example.net,27,001-654-917-6023x078,"90101 Justin Rue Suite 423
New Robertborough, ND 26682",No
46,Victoria Parks,csmith@example.com,35,7238221685,"524 Murray Crossing
Paulfort, MD 69093",No
47,Joy Cox,kenneth52@example.org,24,001-821-898-2528x8856,"9521 Vanessa Street
Lake Josephfurt, WI 46253",No
48,Courtney Ellis,youngdavid@example.net,48,+1-641-852-3724x216,"5018 Flores Port Suite 524
Catherinemouth, MI 49015",Yes
49,Charles Ortiz,jonesanita@example.org,33,(866)435-4585,"84888 Scott Forge
North Nicole, NC 53759",No
50,Tara Mcknight MD,owenscynthia@example.org,39,460-933-7736x95711,"515 Brady Overpass Apt. 483
North Michelleport, LA 38019",No
51,Kenneth Coleman,yolandacunningham@example.net,35,(863)202-7665x3372,"506 Smith Mews
Summersberg, NY 16019",Yes
52,Andrew Lewis,wilsonrachael@example.org,37,(972)426-1033x0230,"12221 Richard Circle Apt. 939
West Cherylton, MD 50875",Yes
53,Jonathan Clark,erinrogers@example.com,25,3256811517,"12595 Taylor Curve
Isaiahtown, MP 75103",No
54,Natalie Gonzalez,jacksongeorge@example.net,51,+1-359-530-8622x27228,"USNV Watkins
FPO AA 53019",Yes
55,Jerry Brooks,tjones@example.com,50,621-623-3910,"7322 Jon Dam
Lake Elizabethborough, IL 23377",No
56,Melissa Miller,jacqueline86@example.org,27,001-314-880-5583x296,"84537 Taylor Plaza Suite 691
Greerfort, FM 21775",Yes
57,Pamela Kerr,halljessica@example.net,38,3094270121,"36344 Morton Cliff Apt. 173
Dianaberg, SD 17334",No
58,Amanda Gutierrez,upierce@example.com,26,261.679.5193x81825,"921 Patrick Burg Apt. 694
New Teresaside, CA 67660",No
59,Dr. Samantha Shelton MD,lindsey15@example.net,44,340.578.2988,"5419 Walker Groves Suite 046
Michaelmouth, AR 90286",Yes
60,Billy Franco,sanfordelizabeth@example.com,41,001-583-943-0408x623,"11440 Flores Well Suite 086
North Destinyville, NC 35442",Yes
61,Caitlyn Becker,kristinberg@example.net,39,001-793-480-3497x05893,"98649 Megan Estate
Dawnborough, WV 70905",Yes
62,Jose Bailey,qgonzalez@example.com,53,(725)929-4985,"884 Christopher Stravenue Suite 922
Andrealand, MS 76201",No
63,Wanda Rodriguez,fporter@example.com,28,(556)217-9457x9683,"8477 Andrew Mount
Port Michael, MA 50403",No
64,Joseph Moore,zwatts@example.com,33,001-969-751-4122,"PSC 9531, Box 9950
APO AP 63386",No
65,Ronald Petty,michael39@example.net,39,(865)556-4334,"968 Martinez Vista
North Ronald, GA 24335",No
66,Susan Castillo,bowenmatthew@example.com,22,+1-614-890-8397,"117 Pittman Green
Jeffreystad, WV 32968",Yes
67,Scott Allen,graybrittany@example.net,25,(666)582-5311x59174,"Unit 3626 Box 0459
DPO AP 21248",No
68,Austin Hamilton,sanchezoscar@example.net,24,+1-810-973-0377x128,"6362 Roach Cliffs Apt. 980
Smithfurt, WV 38480",No
69,Sheila Lee,carlosparker@example.com,32,6328290864,"3407 David Hill
Danielstad, MS 63883",No
70,Nicole Fletcher,sclark@example.org,38,(653)286-4770x985,"479 Frederick Track Apt. 929
Johnton, AL 44003",No
71,Henry Barnett,sreyes@example.org,61,630.837.5299,"788 Mitchell Falls Suite 201
Villarrealchester, OH 26439",No
72,Paula Holmes,ehart@example.org,23,(260)801-7570x4649,"790 Ward Ports Apt. 641
Debbieside, AK 18383",No
73,Kimberly Delacruz,justin36@example.net,43,+1-555-434-1970x52504,"333 Tiffany Street
Port Robertmouth, NY 86346",Yes
74,Nathan Mathis,erichorton@example.net,24,+1-255-939-6989x9177,"PSC 9616, Box 5769
APO AP 88200",Yes
75,Daniel Hansen,marissa14@example.org,23,683.725.0922,"60220 Travis Mountain
East Wayne, OK 15325",Yes
76,Joshua Martinez,jamesmia@example.com,47,740-705-9083,"1649 Bonnie Row
Karenberg, WI 79721",No
77,Taylor Brown,omarshall@example.com,54,809.300.5466,"620 Ethan Street
North Maxchester, FL 19194",Yes
78,Sabrina Stevens,jamesschneider@example.org,28,001-678-282-4296x5505,"52936 Kimberly Summit
West Brittanyborough, MS 03488",Yes
79,Martin Vasquez,kevin94@example.org,51,+1-437-284-1551,"05898 Carpenter Creek Suite 528
Mosesside, NV 40831",Yes
80,Brian Perry,steven37@example.com,36,247-862-9688x502,"3187 Angela Roads Suite 179
Georgebury, MT 92406",No
81,Danielle Dougherty,sean92@example.org,47,(679)298-6087,"55237 Justin Tunnel
Jacquelineville, MP 22292",No
82,Jack King,amandasimmons@example.org,21,484-214-1380,"1974 Vincent Route
South Michaelmouth, OR 46156",No
83,Scott Harris,ashelton@example.com,50,001-354-814-0530x9456,"19904 Adams Falls
Crossview, ND 33209",No
84,Rachel Estrada,yfrazier@example.org,48,+1-521-285-6119x371,"5378 Robinson Rest
Lake Eric, PR 61902",No
85,Stephanie Hubbard,cherylhiggins@example.com,37,+1-274-309-2651x35864,"54533 Janet Hollow Apt. 523
Rayfurt, GU 83038",Yes
86,Emily Richmond,byrdbrandon@example.org,33,692-610-0287x9525,"31331 Leblanc Meadows
East Kathryn, VA 79692",Yes
87,Kristy Reese,moraleslisa@example.net,37,(479)540-1517x57521,"4949 Best Street
South David, DE 04668",No
88,Catherine Lam,cranebrian@example.com,51,666-607-1340,"77888 Reynolds Pike
West Jessica, MS 08396",Yes
89,Philip Moore,nadams@example.org,50,+1-431-367-7717x129,"62231 Mike Fort Suite 817
Port Michael, ID 92227",Yes
90,Brenda Smith,ryanmartin@example.net,21,932-300-1842x46280,"605 George Brooks Apt. 373
West Melissaberg, NC 72846",Yes
91,Stephanie Oneill,davidriddle@example.net,29,001-207-702-3911x077,"637 Nathan Burg Suite 424
Fordmouth, PR 85728",Yes
92,Robert Burch,oliverbrooke@example.net,38,(858)657-0772,"310 Wesley Mission
Onealfort, MN 51828",No
93,Brendan Boyd,iwatkins@example.org,37,(269)286-3604,"13211 April Fords
Sarachester, MS 06263",Yes
94,Matthew Thomas,parkspatrick@example.com,35,(462)810-0439,"PSC 3191, Box 0643
APO AP 35324",Yes
95,Erik Schmidt,mendezdonna@example.org,45,877.876.6480,"500 Washington Cove Apt. 507
Bethanyburgh, WV 88032",Yes
96,Antonio Dixon,victoria20@example.org,36,310-973-1334x1069,"USS Reynolds
FPO AA 60615",No
97,Kelly Perez,xross@example.org,19,7655216574,"63635 Doyle Place Suite 101
Rosefort, PA 87087",Yes
98,Vincent Johnson,tina82@example.com,49,001-834-533-9258x05100,"49015 Logan Branch Suite 303
South Wendyshire, IL 97564",Yes
99,Jon Moore,adampayne@example.org,27,(343)400-0594,"36117 Nina Villages
New Joshua, TN 55556",Yes
100,Jennifer Roberts,nicholas20@example.net,36,+1-476-594-0899x42559,"1513 Griffin Lakes
North Tanya, CO 82942",Yes
101,Sandra Brown,johnsonvictor@example.net,37,285.311.3692,"250 Howell Mountain
Lake Angeltown, PR 83071",Yes
102,Wesley Reyes,nancy85@example.org,32,886-836-7864,"742 Thompson Highway
South Markborough, MP 05100",No
103,Theresa Stevens,rwood@example.net,18,+1-253-447-9877,"84976 Debra Circle
Robertville, UT 69879",No
104,Michelle Santos,robertrobinson@example.net,18,350-492-4163x71665,"79479 Gloria Via Apt. 082
Bryanfurt, NC 62720",Yes
105,Lauren Holmes,longwendy@example.net,37,(288)354-1036,"913 Wilson Spurs Apt. 315
North Pamelaview, AK 80686",Yes
106,Amber Martin,acannon@example.net,37,285.795.8676x70885,"48971 Edward Station Apt. 866
Lake Shannonmouth, AK 24983",No
107,Dr. Nathan Rodriguez,jose87@example.net,25,001-607-752-0509x3275,"8487 Ruiz Ridges Apt. 647
Crawfordtown, VI 34235",No
108,Diana Stewart,austingould@example.org,39,847-947-4766,"7535 Walton Coves Apt. 314
Port Josephmouth, PR 03350",Yes
109,Albert Wright,williamandrade@example.net,21,(670)745-3975x133,"589 Erik Well Suite 540
West Kimberlyville, IL 28555",No
110,Juan Padilla,hayleyhowell@example.net,22,591-303-8823,"392 James Corner Suite 122
New Morganberg, NV 11538",No
111,Martin Hall,jeffrey21@example.org,32,+1-861-836-4104x8824,"37836 Shelby Pines Suite 930
Port Johnfurt, NY 48131",Yes
112,Joshua Gutierrez,williamball@example.org,34,744-673-6997x0183,"1054 Chad Points Suite 406
Bradleyfort, GA 81602",Yes
113,Jessica Turner,shelby48@example.net,35,7162112589,"6861 Miller Junction Suite 396
Jacobsland, NE 26203",No
114,Glen Acosta,chelsea32@example.org,29,001-805-474-1168x71113,"084 Tanya Stream Apt. 528
Eileenborough, WI 84526",No
115,Paul Craig,thomas40@example.org,34,6927344517,"59019 Francis Passage
North Julieton, GU 28934",No
116,Angela Jones,monicabyrd@example.org,28,+1-727-405-8103x2118,"3598 Crystal Hills
Paulview, VA 72581",Yes
117,Rebecca Romero,awiggins@example.com,24,(934)482-5540x3245,"552 Evans Circle Apt. 404
East Bradley, KY 68497",No
118,Thomas Willis,seth49@example.com,38,001-252-413-9760x3101,"PSC 2835, Box 2309
APO AP 81690",Yes
119,David Jones,sophiarodriguez@example.com,23,001-235-267-1100x62015,"7587 Chung Station
West Chelsea, UT 77959",Yes
120,Calvin Steele,jenniferrose@example.net,43,001-806-963-3811x43014,"025 Reynolds Plains
North Bobby, KY 42992",No
121,Bradley Reynolds,ctaylor@example.org,44,+1-906-531-8813,"41611 Rebekah Mountain Suite 615
Travishaven, MH 88761",No
122,Katrina Rodriguez,alexander55@example.com,23,+1-872-829-2194x937,"2378 Ruiz Street
South Kennethberg, ME 37520",No
123,Alexis Ramos,rhonda56@example.com,47,+1-863-547-0709,"30840 Rowland Via
Port Brandi, ME 71960",No
124,Tim Landry,carly96@example.net,37,705.814.4342,"7942 Neil Streets Apt. 424
North Jeremy, VA 44829",No
125,Nicholas Castro,samuel16@example.net,50,467.598.7492x5371,"9680 Antonio Drive
Bradleyborough, SC 95222",Yes
126,Douglas Hall,michellegarcia@example.org,31,001-888-613-1939x231,"57113 Adam Burg Apt. 443
Maryport, RI 17403",No
127,Jocelyn Jackson,grant46@example.com,37,820.894.4362x3640,"90044 Karen Ridge
Esparzaland, RI 47186",Yes
128,Elizabeth Patterson,nelsonelizabeth@example.com,32,248-456-6034x54965,"06473 Karen Wells Suite 292
Jenniferberg, AK 31601",No
129,Anthony Aguilar MD,michael94@example.net,42,001-219-809-4964x371,"83585 Landry Mount
North Spencer, RI 96381",No
130,John Lucas,cranetraci@example.net,31,(950)936-2174x7381,"563 Marcus Heights
South Sheilaport, AR 81609",No
131,Jennifer Briggs,trevinosabrina@example.net,42,001-910-442-7743x8476,"3954 Deborah Harbor
Tonyamouth, IA 38784",Yes
132,Jeffrey Johnson,vstafford@example.com,38,001-405-338-2245,"045 Derek Coves
South Joel, PW 32332",No
133,Kayla King,powersjessica@example.com,39,001-641-522-0208x8288,"810 Valerie Forges
North Johnhaven, PW 33207",Yes
134,Angela Henson,jenniferrogers@example.org,28,001-918-584-9792x782,"6530 William Ridge
New Rebecca, NV 75398",Yes
135,Jose Wang,whiteapril@example.org,26,506-602-3284,"Unit 1090 Box 8750
DPO AA 95416",Yes
136,Morgan Webb,tylerrodriguez@example.com,31,365.504.2314,"167 Melanie Keys
New Luis, ND 99377",Yes
137,Jaime Brown,zschaefer@example.net,53,725.407.3788x88520,"9665 Riley Vista Apt. 879
West Holly, SD 02725",Yes
138,Lori Sanders,kennethburgess@example.org,50,851-306-0559x3923,"53001 Gould Port
North Daniel, OK 91112",Yes
139,Nathaniel Ingram,paynedonna@example.net,25,+1-389-210-8073x43580,"0800 Michelle Unions Apt. 193
Port Peterchester, KY 28394",Yes
140,Erika Matthews,melissa93@example.net,33,001-876-699-5599x07549,"807 Cunningham Street Suite 194
West Shaun, AS 72743",Yes
141,Keith Hansen,brauntonya@example.com,25,371.604.8073x6250,"96943 Jacqueline Brook Suite 560
New Christina, MT 40970",Yes
142,Jacob Cruz,cjacobs@example.net,52,(443)543-3215,"06755 Price Plaza
South Warren, KY 29399",No
143,Jeremy Andrade,jennifer65@example.org,18,(618)734-2379x27988,"Unit 6861 Box 9770
DPO AP 63282",No
144,Wendy Davidson,wfitzpatrick@example.org,36,8198602683,"82271 Reeves Terrace Apt. 674
Smithside, AZ 74793",Yes
145,Jesus West Jr.,nperkins@example.org,37,298-286-5876x314,"4678 Claudia Club Apt. 045
East Christine, IN 08649",No
146,Kimberly Casey,vscott@example.org,34,(671)380-5963x55183,"4624 Richmond Spurs Suite 043
North Jeremiah, RI 30165",Yes
147,Melissa Owens,tonicook@example.com,23,4383630857,"4711 Dana Parkways Apt. 348
East Anthony, WV 15829",Yes
148,Amy Watson,bradley45@example.com,19,(535)734-4868x8473,"171 Bishop Parks Apt. 699
Fergusonmouth, GA 73862",No
149,Katherine Jefferson,hcohen@example.org,18,276.449.1543x215,"264 David Centers Suite 926
Youngborough, DC 80452",Yes
150,Maria Lewis,ibell@example.org,18,252-930-9872,"3258 Campbell Stravenue Apt. 052
Kaylaberg, OH 12364",No
151,George Cruz,rogersalex@example.org,44,269.206.3219x7880,"PSC 6098, Box 8344
APO AP 61231",No
152,Cameron Morris,joshuagonzales@example.net,43,500-485-8659,"533 Miller Row Apt. 095
East Janetton, IL 34814",No
153,David Dunn,kelseyfranco@example.org,41,357.521.6543x8714,"USNV Smith
FPO AA 75286",Yes
154,Amanda Wright,usmith@example.org,39,488-393-2430x2731,"2182 Karen Fork Apt. 170
Port Ianborough, WY 09421",Yes
155,Anne Hill,erinquinn@example.net,25,509.239.3362,"64642 Jessica Center Apt. 431
East Randyfort, MN 28571",Yes
156,Hannah Dominguez,aliciariley@example.org,37,(613)826-3779x4816,"1015 Watson Mission Suite 445
New Belindabury, WA 67628",Yes
157,Veronica Stevenson,stephanie41@example.com,34,(291)753-5116x675,"344 Morton Shores
South Laurieside, NC 68778",Yes
158,Laurie George,christianconner@example.org,46,(380)528-0838,"19105 Marsh Stream
South Jesse, SD 27599",No
159,Caitlin Daniels,berryadam@example.com,23,001-986-439-0185x8143,"5730 Carter Forge Apt. 581
Torresborough, OH 79623",No
160,Eric Perez,teresa13@example.org,40,221.565.0220x839,"7956 Williams Extension Suite 657
Moorehaven, IL 80081",No
161,Diana Pearson,bryantmichael@example.net,39,+1-262-784-4425x8800,"9402 Ryan Vista
Coreyberg, OR 57523",No
162,Brian Harris,michele17@example.net,30,615.693.2988,"USS Williams
FPO AP 62934",Yes
163,Ana Watkins,adrianacarter@example.org,40,+1-391-795-1678x3828,"0560 Roberson Loaf
Andreaview, KY 22314",No
164,Erika Murray,scosta@example.com,27,(699)234-6366,"7896 Salas Parkway
Port Jenniferfort, AR 65155",Yes
165,Jacqueline Farmer,wallacemark@example.org,31,+1-299-453-0312x0550,"USCGC Vaughan
FPO AP 99172",Yes
166,Anne Bridges,kelly36@example.com,30,992.597.1556x03848,"3201 Paula Land Suite 599
Robertton, UT 76653",Yes
167,Sierra Wilson,savannahturner@example.com,55,001-413-261-8275,"66984 Michael Squares Suite 680
Keithtown, UT 13885",Yes
168,William Williams,nicolas52@example.net,42,001-414-276-0832x28647,"PSC 8068, Box 0344
APO AA 98700",Yes
169,Garrett Williams,atrujillo@example.net,45,714-609-1906,"47409 Summers Squares Suite 958
West Mitchell, FL 67584",Yes
170,Joshua Thompson,anthonymarshall@example.net,19,5455573597,"5666 Alvarez Road Apt. 059
Miguelport, MS 86934",No
171,Edward Martin,lisa68@example.org,30,727.919.0444,"65786 Felicia Lock Suite 591
Sextonmouth, ND 09512",Yes
172,Anthony Oconnor,jennifer02@example.net,27,283-383-3331x54547,"8300 Michael Estate Suite 333
Johnfurt, IN 59100",No
173,Christine Ramsey,toddflores@example.com,20,001-703-213-3996x08977,"38736 Patrick Groves
Reneeborough, LA 88459",Yes
174,Alejandro Newton,kenneth91@example.com,36,736.474.6614x2029,"987 Walker Corner
Wolfmouth, IL 71352",Yes
175,Carolyn Dominguez,clove@example.org,35,(568)986-9547x34558,"USNV Steele
FPO AE 11015",Yes
176,Cassandra Mullen,qcooper@example.com,50,872.532.2574x5336,"9024 Allison Mission
Lake John, PA 86754",No
177,Justin Spencer,kevin97@example.com,32,(357)854-6119,"15719 Pamela Junction Suite 552
Collinsland, NH 25921",No
178,Dennis Pitts,jennifergibson@example.com,33,352-314-6977x4839,"910 Flynn Point
Lake Markville, MA 17437",Yes
179,Jordan Martinez,dakota46@example.org,47,+1-648-632-5893x74813,"147 Ramirez Route Suite 511
New Susan, MP 49699",No
180,Eric Randall Jr.,kimberly33@example.net,40,+1-733-728-4441x605,"578 Thomas Inlet Suite 786
Andersonton, MH 10349",No
181,Marisa Farley,stucker@example.org,51,969.582.0257x683,"0293 Shannon Ferry
Port Kylemouth, DC 59681",No
182,Michael Shields,acohen@example.net,44,+1-916-467-3019x1621,"088 Jesse Ridge Apt. 570
Marcuston, UT 65499",Yes
183,Derek Case,jthomas@example.net,41,+1-463-755-1041x14943,"97071 Smith Pass Apt. 798
West Sue, MH 82730",Yes
184,Jerry Lara,kathryn03@example.com,29,5789410247,"Unit 8864 Box 0156
DPO AA 68602",Yes
185,Tanya Tapia,buckleykristi@example.com,52,(483)947-4344,"30797 Charles Valley
East Calvinborough, MP 72564",No
186,Kevin Warren,lisaleonard@example.org,41,+1-240-380-0440,"8723 Hernandez Corners
Kathleenview, IN 58723",Yes
187,Miss Yvonne Soto,kristen75@example.com,33,580-489-6579x126,"Unit 3986 Box 2039
DPO AA 11615",No
188,Henry Smith,zwilliams@example.com,38,001-555-949-9102,"93984 Timothy Manor
Dianamouth, SD 28490",No
189,Paul Vargas,bmcgrath@example.org,30,724.611.4905x32592,"USS Perkins
FPO AA 78697",No
190,Andrew Mccarthy,christopher79@example.com,38,881.944.1833x8385,"350 Angela Manor
Flynnport, NH 61809",Yes
191,Charles Davila,scotttorres@example.com,41,001-611-483-9827,"8928 Sharon View Suite 179
Keithstad, FM 09529",No
192,Alison Vincent,rharrington@example.com,32,+1-911-476-1061x1276,"174 Lewis Greens Apt. 944
Nelsonfort, MH 68152",No
193,Molly Rogers,gonzalezmichelle@example.net,51,591.863.7071x673,"4431 Ethan Rue
North Eileenfurt, MH 92841",No
194,Kara Meyer,corypatrick@example.org,46,441.939.5623,"259 Bryce Shoals Suite 765
Toddmouth, HI 22514",No
195,Natalie Daniel,kylemiller@example.org,25,001-921-872-1361x08201,"308 Ian Parkway Suite 460
South Melissa, MD 26889",No
196,Brian Frye,brandon17@example.net,27,796.423.4392x6633,"368 Michael Tunnel
New Travisview, FL 77488",No
197,John Lara,hatfieldelizabeth@example.org,31,+1-723-592-4416x6718,"593 John Isle Suite 775
Sarahhaven, NH 72844",No
198,Lisa Fisher,johncrawford@example.com,52,(520)567-5423x692,"177 Tammy Islands
South Williamshire, NM 65626",No
199,Alicia Jones,harrisjesse@example.com,62,+1-490-804-7889x00796,"PSC 1639, Box 1354
APO AA 96767",No
200,Howard Shaw,qmiller@example.org,34,001-328-447-5319x119,"57801 Stephanie Locks
New Larry, NV 69859",Yes
201,Samuel Smith,oliviaanderson@example.com,30,001-403-916-1136x097,"675 Peters Viaduct Suite 817
South Nicholas, PA 33746",Yes
202,Karen Ramirez,johnny56@example.org,18,+1-899-939-9529,"PSC 5343, Box 3953
APO AP 09258",No
203,Kim Landry,lbruce@example.com,18,626.894.8629,"829 Richardson Viaduct Suite 424
Cunninghamburgh, WV 94842",Yes
204,Lisa Jensen,laurajones@example.com,43,+1-810-376-1055,"8758 Abigail Island
Port Kennethburgh, ME 87793",Yes
205,Christopher Gross,benjaminrachel@example.net,30,826-972-4281x2332,"648 Ashlee Highway Apt. 660
West Thomas, NM 94882",No
206,Michael Miller,nicole46@example.net,33,270.586.8258,"710 Keith Court
Miketown, NE 94980",No
207,John Murray,uroberts@example.com,32,256-448-7184,"4325 Colleen Locks Suite 828
North Carol, MN 81804",Yes
208,Robert Ford,rollinsjessica@example.net,53,4136185260,"652 Osborne Mission Apt. 409
Carrollborough, PW 38308",No
209,Luis Hernandez,vlane@example.org,30,001-577-692-6459x178,"603 Hill Groves Apt. 614
Lopezburgh, OK 90700",Yes
210,Blake Boone,kimberlywu@example.org,29,(307)887-5208x906,"Unit 3296 Box 6311
DPO AE 12413",No
211,Sheri White,peggydaniels@example.org,20,(767)390-4819,"498 Jackson Corners
Port Kellymouth, OK 77214",Yes
212,Angela Fox,steven49@example.com,37,+1-643-210-6389,"45864 Mary Ramp Apt. 887
West Davidburgh, OH 91257",Yes
213,Laurie Sanchez,john07@example.org,41,836-724-8091x719,"8007 James Island
Hannahstad, PR 30769",Yes
214,Christine Parrish,jamierichardson@example.org,43,(233)679-6994x69813,"7036 Snyder Prairie Suite 038
East Nicholasfurt, MO 62936",Yes
215,Christopher Hardin,becky74@example.com,34,001-876-478-6627,"29269 Holmes Shoal Suite 992
Dawnberg, GU 07337",No
216,Michael Richards,emcclure@example.net,46,(568)322-4004,"49037 Hardy Mall
Steventown, NC 95394",Yes
217,Joanna Franklin,deankaren@example.net,22,001-356-615-3702x2143,"042 Austin Crossing
Loganton, IL 97510",Yes
218,Kendra Rodriguez,kevin33@example.net,33,(904)761-6531,"75229 Thomas Orchard Suite 100
West Tamaramouth, AZ 47793",No
219,Stephanie Arias,fishermonica@example.net,19,+1-929-418-6054x07018,"362 Smith Ways Suite 666
Josephberg, TN 98201",Yes
220,Joshua Willis,rwatkins@example.com,26,001-475-877-3588,"5182 Riley Green
Bishopmouth, FL 82313",Yes
221,Vanessa Gilmore,walshjessica@example.org,51,(600)241-6024x19976,"69145 Ramos Stream
North Rhondachester, FL 21907",Yes
222,Wayne Berry,mpacheco@example.com,32,001-719-885-5513,"80885 Fisher Inlet Suite 520
West Morgan, NV 85257",No
223,Christopher Taylor,mwalker@example.net,23,583-777-5470x80398,"077 Mathews Viaduct Apt. 258
Chasetown, WI 46925",No
224,Sarah Perez,webbapril@example.com,45,9394865472,"4632 Gallegos Isle Apt. 875
Lake Jeffery, FL 55278",Yes
225,John Gomez,alejandradouglas@example.net,33,422.677.5751,"3644 Smith Mountain
Campbellburgh, OK 91355",No
226,George Blake,susan95@example.com,18,(961)891-8630x065,"7725 Joseph Mill
Vaughnville, VT 71363",Yes
227,Andrea Garcia,russellerika@example.com,22,5925762859,"605 Dennis Mountain Suite 142
Matthewville, WA 35228",No
228,Anthony Waters,fowlerbrittany@example.com,33,+1-385-898-8473,"809 Lisa Ports
South Allison, NJ 69013",No
229,Thomas Stokes,christopherellis@example.com,39,342.690.6303x952,"1137 Ryan Wall Apt. 333
Port Kristinashire, MN 89605",No
230,Tamara Lucero,kellyrodriguez@example.net,23,+1-863-765-6384x659,"405 Troy Station Suite 201
Louismouth, IA 97703",Yes
231,William Ochoa,richardbrown@example.org,32,717-411-4389,"38037 Katherine Throughway
Josephmouth, NV 78846",No
232,Amber Lewis,areed@example.com,30,594.723.8975,"3972 Christopher Way
Bakerfort, GA 33475",Yes
233,Michelle Turner,vreyes@example.com,40,(823)694-4877x59336,"33129 Andrea Roads
South Zachary, GA 56547",Yes
234,Brian Mccall,amberchapman@example.org,29,761.867.7607x1286,"00291 Carter Parks Suite 943
Fischerview, MI 21821",Yes
235,Mr. Christopher Roth,frederickmatthews@example.org,33,758-204-6108,"696 Samantha Unions
Keithburgh, MS 87752",No
236,Christina Smith,melissa25@example.net,34,+1-265-768-9944,"4516 Melissa Pass Apt. 519
Simpsonborough, TX 13925",Yes
237,Heather Diaz,ghowell@example.net,31,747.292.1284x11757,"07165 Cohen Mountains
West Diane, MO 17487",Yes
238,Gina Mcmillan,greenjacob@example.net,38,578.284.9216x065,"03266 Cook Viaduct Apt. 500
West Jenniferchester, ID 08472",Yes
239,Annette Johnston,timothyolson@example.org,33,(720)489-0064,"067 Hopkins Via Suite 169
Lake Walterland, MS 80551",No
240,Emma Smith,qclark@example.net,48,(348)849-3075x329,"PSC 7662, Box 6698
APO AA 92648",Yes
241,Lisa Solis,stephen83@example.org,34,(887)535-6481x385,"3765 Gutierrez Ranch Suite 350
Danielview, PW 68079",Yes
242,Michael King,clawrence@example.net,18,(741)762-6616x62526,"53759 Ford Green
Barkerton, AK 26626",Yes
243,April Castro,duncansharon@example.org,36,001-202-262-0305x26647,"43452 King Harbor
Perezland, IA 66816",Yes
244,Diamond Avila,ipeterson@example.net,32,820-937-9962x130,"3297 Walton Shores Suite 156
Tiffanyside, NH 82772",No
245,Anne Mcdaniel,tylersmith@example.net,26,580-441-5655,"91910 Denise Corners Apt. 833
Meyershire, MD 81677",Yes
246,Tina Clark,ematthews@example.net,38,001-891-797-3367x6851,"340 Stark Plain
Nathanfurt, AR 37709",Yes
247,Mrs. Emma Barrera,vlara@example.net,48,715-392-2488x82967,"32713 Donna Islands
Erintown, SC 97554",No
248,Cheyenne Robles,clayton32@example.org,35,8955837688,"Unit 4860 Box 9956
DPO AA 72508",No
249,Henry Lewis,jennifer32@example.org,29,478.205.6530x8377,"5436 Dale Burgs Suite 550
North Shelia, NE 48764",Yes
250,Debbie Nelson,chungmatthew@example.com,36,252-885-3431x077,"720 Kimberly Run Apt. 352
West Cynthia, TX 85410",No
251,Richard Hayden,wmack@example.org,23,+1-521-837-7706x030,"94145 David Mountains Apt. 270
East Christopher, CO 30669",Yes
252,Patrick Miller,bowmanpamela@example.org,37,6832605802,"7562 Sandra Glens
East David, TX 75462",No
253,Alyssa Richards,rebecca25@example.com,23,8478954424,"2548 Jorge Ports Suite 202
Cabreraton, ND 77484",No
254,Mr. Ryan Newton DDS,candicegordon@example.com,41,780.638.3047x9510,"0129 Eric Knolls Apt. 091
Sullivanfort, MP 11448",No
255,Emily Ramos,isaacjones@example.net,37,(739)352-6892x963,"Unit 5935 Box 9096
DPO AE 87527",Yes
256,Phillip Roy DDS,fwright@example.com,29,001-767-994-8695x413,"73462 Alyssa Village Apt. 128
North Margaretberg, NH 78890",No
257,Amanda Johnson,cervantessandy@example.net,48,+1-313-270-9375x764,"53588 Mullins Throughway
Sarahaven, TN 13304",No
258,Christopher Brown,amythomas@example.net,37,001-516-415-2356x97607,"16399 Sydney Oval
Walshtown, MO 87687",No
259,Latasha Stephens,peckrobert@example.org,32,+1-671-200-7780x01282,"26944 Joshua Trail Suite 219
Randallview, SD 47419",No
260,Diane Campbell,jaclynwatson@example.com,26,776.353.1342x088,"Unit 5132 Box 3571
DPO AA 09816",Yes
261,Edwin Williams,jordanjames@example.org,18,(689)773-7374,"90752 King Forks
North Brian, MN 04199",No
262,Tamara Bailey,kjohnson@example.org,20,992-911-1722x5161,"10262 Brandy Islands
South Darrellchester, GA 52598",Yes
263,Meghan Mccarthy,william25@example.com,44,(691)207-5523x1302,"PSC 2966, Box 7400
APO AA 93534",Yes
264,Teresa Robinson,rebeccacastillo@example.com,45,715-885-1092x759,"635 Roy Ramp
Lake Jacobhaven, IL 52291",Yes
265,Kristine Wilson,amy67@example.org,30,(585)471-4314,"15922 Rodriguez Gateway Suite 088
Liuberg, GA 00723",No
266,Alexis Owens,gowen@example.net,49,+1-550-511-8557x79493,"73148 John Vista Apt. 771
Jackville, AZ 65655",Yes
267,Anne Logan,gavincook@example.org,39,937.458.6797x9480,"PSC 0395, Box 2221
APO AE 02141",No
268,Steven Hood,wstone@example.net,34,512-307-8799x2690,"771 Wright Springs
New Kathrynhaven, KS 59712",Yes
269,Latoya Boyd,rosegina@example.org,20,(260)896-2915,"3268 Wyatt Islands
South Pattyfurt, HI 16734",Yes
270,Kerry Robinson,wagnernicholas@example.org,56,(782)892-0616x049,"2108 Christopher Spur Apt. 133
Tamaramouth, UT 88372",No
271,Morgan Williams,courtney74@example.org,22,730-998-4435x07356,"USNS Jones
FPO AP 77629",Yes
272,Tony Jordan,james81@example.org,34,001-680-724-3454x8076,"1045 Underwood Oval
Norristown, MN 24149",Yes
273,Dr. Jason Delgado,mclark@example.org,38,001-654-454-5527x10744,"9555 Pamela Green Suite 228
Ruizfort, VT 40922",No
274,Adam Orozco,mark11@example.net,18,(491)239-5106,"4104 Carr Land Suite 891
Lake Gabrielletown, KS 88856",Yes
275,Xavier Mercer,deborah01@example.com,18,8569785335,"272 Brittany Extensions
Port Cristian, LA 48794",Yes
276,Becky Turner,mmoody@example.net,44,(343)764-3480x95872,"741 Tamara Fords
Lake Cassandra, NE 30766",No
277,Laura Mendez,mary57@example.net,48,001-851-644-1514x5992,"623 Smith Loop Apt. 065
Samanthahaven, MP 41427",No
278,Lisa Wright,enichols@example.net,53,+1-365-329-3968x45677,"839 Rachel Centers
South Kimberly, IA 02736",No
279,David Clark,kyle73@example.com,34,9822918371,"728 Albert Ford Apt. 675
Port Stephanie, VI 83115",No
280,Victoria Luna,careyjennifer@example.net,20,001-322-245-2370x0478,"75568 Elizabeth Walk
South Roberttown, OK 75516",Yes
281,Anthony Brooks,john41@example.org,28,946.429.7756x51184,"785 Diane Terrace Apt. 260
New Ashleybury, VI 70883",No
282,Rachel Ruiz,martinezjavier@example.net,49,697.772.2197x981,"44255 Davis Estates Suite 046
Port Matthew, NM 84412",Yes
283,Maureen Riggs,nross@example.org,52,555-416-9171x668,"71917 Vincent Heights Suite 969
North Julie, NH 61939",Yes
284,Patrick Mcdonald,emarshall@example.org,34,725-612-9300,"Unit 8530 Box 9756
DPO AE 11769",No
285,Alex Smith,lisa49@example.org,42,+1-542-386-2178x57620,"PSC 4849, Box 6683
APO AP 34404",Yes
286,David Davidson,isanders@example.org,48,599-490-1402x247,"9760 Daniels Courts Apt. 302
North Sheila, MS 81444",Yes
287,Stephen Martin,dustin10@example.com,18,+1-616-914-6668x03530,"3849 Dalton Parks
Lynntown, UT 18508",No
288,James Chambers,jenniferhuynh@example.net,35,788-604-2570x64288,"887 Benson Glens
New Craig, MN 21382",No
289,Melissa Howard,benjaminjohnson@example.net,40,+1-283-970-5788,"7044 Williams Causeway
North Jennifermouth, WI 73615",No
290,Daniel Jackson,bkennedy@example.com,36,001-801-647-7541,"28974 Griffin Radial Apt. 589
New Michellemouth, OR 73013",Yes
291,Kirsten Roy,leemary@example.org,43,001-746-499-1460x749,"6426 Patterson Wall Apt. 523
Brandonville, MS 60687",No
292,William Parker,briggscheryl@example.com,33,(395)918-0425x985,"0044 Sharon Burgs Apt. 301
Timothychester, MP 26640",Yes
293,Dwayne Chandler,andersonfelicia@example.net,45,+1-209-507-2924,"8450 Haley Course
Andersonfort, CT 41570",Yes
294,Michael Burke,robinsontroy@example.net,46,+1-422-936-6057x310,"835 Stephanie Village Suite 435
South Donnamouth, PA 39682",Yes
295,Damon Rodriguez,sara45@example.com,39,543-406-8249,"3006 Larson Estates
East Kristopher, PW 75459",No
296,Daniel Kennedy,kbass@example.net,42,+1-929-817-4053x864,"6330 Dustin Walks
Lake Cody, WV 51205",Yes
297,Michelle Mccormick,shannon31@example.org,36,(651)576-7090x58558,"010 Strickland Squares Suite 280
Jeffburgh, WI 80237",No
298,Jessica Gardner,randy34@example.com,38,(648)757-8865x2361,"370 Clark Inlet
Cabrerafort, OH 48752",Yes
299,Richard Cordova,carla96@example.com,21,2012214075,"677 Jordan Greens
East Nathanborough, GA 75414",No
300,Paul Mcgee,janetshaw@example.net,39,(295)835-0187x31129,"85477 Ryan Run Suite 337
Diazside, NJ 82596",Yes
301,Alicia White,lsimon@example.net,42,001-424-384-2482x8546,"6959 Julie Summit
West Toddberg, RI 09671",Yes
302,Mason Henry,sanchezmonica@example.com,18,+1-971-943-6683x86361,"07290 Gray Path Apt. 450
Harrisonview, AR 42140",No
303,Austin Cannon,harrisdonna@example.org,39,(433)934-7523x5985,"051 Matthew Causeway Suite 896
West Paul, IA 47572",No
304,Fred Hall,brandonhernandez@example.com,53,(319)933-6847x19112,"391 Brown Fields Apt. 250
Watsonmouth, CA 30840",No
305,Mark Rubio,brooke41@example.org,26,+1-487-220-5068x514,"4172 Gerald Passage
Hickmanstad, PR 07839",No
306,Matthew Baker,wademichael@example.com,38,544.952.1973,"16422 Sharon Roads
Holtfurt, OR 82772",No
307,Victoria Beard,agonzalez@example.com,36,(919)793-2173x417,"431 Frederick Vista
North Harold, AR 66518",Yes
308,Elizabeth Fisher,johngonzalez@example.org,28,500-806-4330,"014 Kaitlyn Shore Suite 056
Michaelstad, DE 93452",No
309,Jeremy Wong,elizabethhays@example.com,50,828-974-0489,"19415 Rebecca Ranch Suite 507
Parktown, NJ 51408",No
310,Paul Collins,kimowens@example.com,37,626-360-6040,"6891 Koch Lock
Susanberg, IN 31423",Yes
311,Denise Bowman,tjones@example.net,30,600-858-6451,"1044 Brown Creek Suite 716
Michaelborough, ND 45685",No
312,Katrina Jones,jamiebates@example.net,32,242-821-7537,"17739 Dixon Dam Suite 138
Robinsonport, UT 66769",No
313,Vickie Lewis,ylong@example.org,30,+1-387-994-8446x8419,"463 Moore Summit
Mckeeport, DE 14500",Yes
314,Ashley Schmidt,dmullins@example.net,35,001-491-493-7610x648,"09006 Jeffrey Forges
North Shirley, AZ 72317",Yes
315,Jessica Murillo,cynthiafigueroa@example.org,24,+1-223-609-5490x13968,"92806 Susan Row Apt. 036
Davidside, FM 32535",No
316,Natalie Rose,hannahtaylor@example.net,28,(509)908-3960x290,"56917 George Square
Arielview, SD 76345",No
317,Michael Beard,david96@example.com,18,+1-659-529-9295x671,"36883 Brittany Creek Apt. 332
Maryborough, OK 78112",Yes
318,Kimberly Hernandez,lawsonmegan@example.net,48,801-744-9025x72760,"3375 Thompson Light
Susanchester, TX 38413",No
319,Brenda Fernandez,oreed@example.com,34,479.741.5278x6675,"Unit 3108 Box 5669
DPO AA 84444",Yes
320,Ashley Phillips,thomasanthony@example.com,23,910.336.6372,"783 Scott Hills
East David, GU 12548",Yes
321,Brandy Ross,tiffanyhall@example.com,34,+1-515-227-3305x53549,"PSC 3452, Box 5939
APO AP 25802",Yes
322,Pamela Abbott,gabriellecarter@example.org,24,+1-723-279-1922x2821,"68799 Kelly Stream Suite 765
Port Steven, MT 79210",Yes
323,Mandy Jones,heather15@example.org,42,(623)306-4755,"1379 Powell Lodge Suite 437
West Billyview, CT 86101",No
324,Michelle Jackson,scott21@example.net,37,(846)934-5219x12506,"686 Amy Lodge
West Ambermouth, NC 29170",No
325,Kristin Anderson,bbarber@example.org,43,348.283.6929x041,"8495 Smith Villages Apt. 461
North Jennifershire, PW 83409",No
326,Vanessa Sanders,johnreed@example.com,25,001-873-411-2110x594,"60651 Hunt Streets Apt. 838
Bankshaven, MO 41684",Yes
327,Erin Odom,tina87@example.org,43,6542665517,"443 Michelle Mission
Annaton, MO 89094",Yes
328,Wendy Moore,ericrodriguez@example.org,35,001-325-502-3310x47697,"402 Wilson Rue
East Michael, PR 77291",Yes
329,Peggy Wells,chelsea83@example.org,18,945.641.9950x966,"3189 Andrew Point
Josephshire, AS 90433",No
330,Michael Cortez,kim23@example.com,35,737.890.2759x6800,"1538 Matthew Valleys Apt. 648
West Ralph, OK 87205",No
331,Roberto Potter,wrightjacob@example.com,30,986.208.5752x836,"93924 Dodson Forges
North Elizabeth, KY 07429",No
332,Linda Hall,ugreene@example.org,18,001-364-279-2958x051,"8832 Matthew Harbors Suite 088
New Justin, TX 40418",No
333,Samantha Fuentes,martinmelinda@example.net,32,(442)926-1819,"39460 Faith Stream
East Shawn, NM 98538",Yes
334,Haley Hall,stevenbaker@example.com,36,350-203-1162x16090,"USS Williams
FPO AP 82229",Yes
335,Ronald Sherman,ashleyevans@example.org,21,+1-541-980-7728x576,"792 Darren Harbors Apt. 941
West Randy, CT 43519",No
336,Allison Huffman,william78@example.net,60,+1-265-667-5520x909,"5753 Kimberly Loaf
Justinmouth, GU 22981",No
337,Sydney Gill,michaelreed@example.org,33,(935)408-5386x967,"9530 Joan Neck Suite 648
South Anna, AZ 59268",No
338,Amber Brady,megan57@example.org,45,921.537.2550,"70080 Aguilar Circle
Kevinborough, NC 94780",Yes
339,Jo Nelson,qwebb@example.com,34,742-372-2632,"932 Melissa Junctions
Charlesbury, SD 46130",No
340,Catherine Davis,turnerelizabeth@example.com,40,394-836-3832,"364 Goodwin Turnpike
Michaelhaven, IA 25145",No
341,Randy Todd,tracie78@example.net,45,+1-992-596-9908x1274,"6728 Johnson Fork
South Jessica, TN 30168",No
342,Barbara Lynch,hhouston@example.net,46,+1-616-352-4287x2807,"99466 Williams Locks
Coleport, NJ 37392",No
343,Joshua Jordan,mwalls@example.com,51,848-871-0504x6948,"52889 Kenneth Brook
Sarafort, OH 48962",No
344,Jeffrey Wright,cruzmichelle@example.com,44,535.723.9534x152,"0501 Marquez Estates
Port Regina, IA 82506",No
345,Robert Wall,ubridges@example.net,38,696-287-2404,"6195 Stewart Valley
West Matthew, MT 18122",No
346,Jonathan Orozco,lopezmatthew@example.net,37,881-776-5346x55047,"9547 Tran Haven Apt. 586
North Ashleymouth, AZ 40079",No
347,Mr. Peter Jenkins,edward10@example.org,29,001-326-787-5870x59137,"6726 Thompson Turnpike Apt. 680
Bennettport, VI 02940",No
348,Dr. Shelly Hartman MD,josephanthony@example.com,51,446.792.5087,"56227 Perez Spurs Suite 716
New Luis, NJ 91273",Yes
349,Kimberly Garcia,carpenterjacob@example.com,28,967-238-2447x949,"00135 Bush Path Suite 856
Stephenshire, OK 49471",No
350,Makayla Brown,rogersanthony@example.org,48,(466)778-4265,"78263 Sanders Well
Thomasbury, MI 34828",Yes
351,Kyle Martinez,durhamjames@example.org,24,(939)421-9673x744,"0242 David Trafficway Apt. 988
Port Matthew, MP 83383",No
352,Jacob Reyes,spenceraaron@example.com,41,830-674-0692x0618,"49384 Wendy Circles
Hopkinsville, MS 01176",Yes
353,Regina Gilbert,daviddavis@example.net,25,345.704.6059x352,"PSC 8028, Box 1159
APO AA 17118",No
354,Kimberly Wilson,velasquezbeverly@example.org,36,5908108872,"189 Pope Square
Castanedamouth, NJ 50339",Yes
355,Shannon Hernandez,vlyons@example.org,51,983-834-3001,"526 Henry Hills Suite 830
Donovanbury, PA 06870",Yes
356,Stephanie Blackburn,huffjoseph@example.net,61,851.898.3823,"21973 Kelly Lights
Juliefort, VI 44756",Yes
357,Lisa Rodriguez,wayne56@example.net,29,001-310-745-6693x9086,"7517 Dennis Mountain Suite 635
Maryburgh, DE 42348",Yes
358,Willie Morrison,pjohnson@example.org,32,621-542-1963x32032,"137 Potts Village Apt. 184
Lake James, MA 11272",Yes
359,Christopher Adams,rjoseph@example.net,40,001-318-747-5761,"65837 Michael Track Apt. 229
Garciaview, UT 34938",Yes
360,Caitlin Johnson MD,gibsonamy@example.com,34,+1-593-802-4537x946,"3164 Garcia Heights Suite 633
Reevesville, FL 73406",Yes
361,Kevin Graves,thomas13@example.net,35,001-340-941-0550x5223,"066 Andrew Groves Suite 056
Cruzfort, KY 42159",Yes
362,Ricky Knight,astone@example.net,23,(317)724-8029,"29523 Gregory Extensions
Nortontown, DE 55211",Yes
363,Michael Baker,johnsonaaron@example.net,29,988-502-2807x083,"82848 Lisa Junctions Suite 574
West Matthew, OR 49279",Yes
364,Jesse Clark,rebeccajohnson@example.org,39,985.747.1351x8404,"504 James Hollow
North William, UT 24756",Yes
365,Miranda Bryant,imarshall@example.com,25,001-762-826-4715x576,"9396 Gabrielle Manor Apt. 901
Carneyland, CO 21432",Yes
366,Kimberly Allen,morrisbryan@example.org,23,(353)771-0605,"967 Velazquez Camp Suite 131
North Robinhaven, WV 65972",No
367,Jennifer Hatfield,roblesmichelle@example.net,34,001-318-718-5588x58456,"7242 Emily Terrace Apt. 340
Davischester, CT 18819",No
368,Molly Mcdonald,michellehuang@example.org,24,960.280.6219,"213 Johnson Throughway Suite 213
West Karen, WV 03821",No
369,Mrs. Katrina Brown DVM,charleskirby@example.org,32,+1-424-238-4231,"820 Nicole River Apt. 507
Grimestown, AR 52237",No
370,Brandon Summers,ponceamanda@example.net,28,751-362-2495,"29240 Victoria Ways Suite 862
Dyerland, WA 87266",No
371,Paula Bryant,lowens@example.net,50,001-958-731-8678x20847,"20128 Lisa Plain
Amandatown, MA 78779",No
372,Michael Hill,mercerjoseph@example.net,34,(311)819-1848,"565 Ramos Square Suite 070
Dennismouth, NE 91970",No
373,Bruce Benson,ianderson@example.com,37,2297878135,"212 Jessica Squares
Lake Larry, WA 85370",Yes
374,Derek Adams,hmorgan@example.net,44,254-497-9880,"USNV Hansen
FPO AA 66429",No
375,Jeffery Alexander,fergusonjulia@example.net,26,783-277-6065,"2235 Bernard Glens
Baxterburgh, PR 14452",Yes
376,Jonathan Wagner,dianaflores@example.net,18,(929)630-8096,"872 Gary Avenue
Schwartzland, VT 94457",Yes
377,Sydney Hernandez,molinatony@example.com,37,001-557-377-6910x64553,"44314 Megan Summit
Nealfort, MA 36279",Yes
378,Jeffery Mitchell,millerlisa@example.net,45,001-981-541-6355x040,"7195 Griffin Rapid Apt. 508
Webbton, DC 98195",No
379,Jesse Maldonado,joneskendra@example.org,37,385-835-8800,"18025 Kimberly Camp
Longfort, WI 74383",No
380,James Wright,ann59@example.org,20,618.241.4875x2253,"8622 Ayers Meadows
New Cassandra, NV 26871",No
381,Douglas Higgins,daltonstephenson@example.org,35,(798)305-5840,"698 House Ridges Suite 829
New Jeffrey, KY 37037",Yes
382,Cassandra Wong,donald69@example.net,23,(206)882-5212x6051,"Unit 8754 Box 2054
DPO AE 45507",Yes
383,Melissa Lawrence,coopermarco@example.org,18,(366)907-7773x842,"77748 Powell Neck Suite 559
Wilkinsview, PA 50090",Yes
384,David Cochran,ronnieyoung@example.org,50,656.793.5725,"83991 Roger River Suite 149
Port Sherrystad, OK 57285",Yes
385,Willie Yates,dblankenship@example.com,26,+1-761-353-4842,"PSC 0747, Box 7347
APO AA 90203",No
386,Crystal Mcgrath,leeomar@example.net,43,+1-259-425-0433,"92773 Paul Rapids
Ellisburgh, IA 15193",Yes
387,Emily Rodriguez,beckermiranda@example.org,26,(642)894-5508x7020,"5812 Whitney Rest
Sarahport, TN 93270",Yes
388,Ryan Bell,barbersarah@example.org,32,+1-766-810-3805x83962,"33551 Robinson Crescent
Lake Elizabeth, KY 85326",Yes
389,Anna Mendoza,ronaldtucker@example.com,32,3925002482,"781 Brenda Parks Suite 561
Nguyenberg, SD 02026",Yes
390,Joseph Castro,katherineowens@example.org,26,+1-556-396-6888,"47923 Green Drive
West Joseborough, DE 19157",Yes
391,Hannah Nelson,grantbenjamin@example.net,37,001-524-552-8966x61916,"06700 Sparks Pike
New Shelleyport, VI 49472",No
392,Emily Davis,michael89@example.net,27,665-262-0246,"760 Levy Roads
South Michaelberg, MI 09373",No
393,Toni Nunez,brandyfrye@example.net,37,269-897-5276x5341,"86862 Robinson Drive Suite 289
Lake Alexisbury, ME 23901",Yes
394,Ross Dixon,johnsonscott@example.com,18,001-359-478-8689x3343,"556 Patrick Summit Apt. 785
Alexanderhaven, RI 30883",Yes
395,Katherine Johnson,williswilliam@example.com,44,(218)466-4058x698,"8855 Hampton Corner
New Sandratown, VT 47184",No
396,Kimberly Brown,coreymiller@example.org,25,995-709-9174x3536,"3411 Carolyn Lights Apt. 504
Perrymouth, TN 19668",No
397,Michele Robinson,vwallace@example.org,24,001-535-778-0169x962,"075 Mark Ferry
Dannyland, ME 91157",Yes
398,Dan Russell,csolomon@example.org,42,623-963-0759x13464,"6262 Chan Tunnel Suite 011
North Natalieshire, SC 29431",Yes
399,Richard Calderon,erinmiller@example.net,33,+1-501-951-1293x633,"30204 Andres Inlet Suite 193
Debraville, CO 31377",Yes
400,Daniel Wheeler,jacobsryan@example.org,41,001-860-340-2419x551,"3783 Paul Tunnel Apt. 909
Clarktown, NY 65202",No
401,Samantha Koch,ymann@example.net,56,001-510-273-5648,"152 Kimberly Flats
West Amanda, FM 92141",No
402,Frank Manning,kmiller@example.com,32,859.808.4841x20940,"27613 Dougherty Prairie
Jonesmouth, MN 14571",Yes
403,Mark Morales,abbottwilliam@example.com,50,001-988-255-9478x363,"94412 Dixon Spring Suite 666
Richmondburgh, KS 37887",No
404,Lisa Brown,chelsea28@example.net,29,+1-680-838-2454x717,"426 Thompson Corner
Donnamouth, PW 88329",Yes
405,Pamela Fuller,manuel96@example.org,37,001-420-811-0552,"388 Chavez Highway
Whiteside, NE 29344",No
406,Diana Mendez,cherylcraig@example.net,31,708-212-6722x0440,"769 Campbell Gardens Suite 198
Paulfurt, MP 94395",Yes
407,Tiffany Walker,faith34@example.org,18,4467909989,"72845 Hodges Extension Apt. 329
Lake Natashafurt, MS 83288",No
408,Bryan Mcguire,william15@example.net,44,+1-210-583-6722x471,"56230 Sullivan Heights Suite 730
East Dan, RI 08905",Yes
409,Dean Glenn,charlespowell@example.com,32,583-362-2710x817,"82430 Linda Estates Suite 935
North Williammouth, UT 56659",Yes
410,Jason Baldwin,pclark@example.com,31,262-861-5329x61584,"324 Crane Inlet Apt. 858
South Rachelburgh, KS 24217",No
411,Luke Kaufman,thudson@example.org,29,991.842.3951,"USCGC Foley
FPO AP 74751",No
412,Pamela Smith,emilyrobinson@example.com,47,741.392.5108x0499,"882 Wagner Courts
New Kristina, ID 36246",No
413,Cynthia Chapman,jenningscharles@example.com,22,957.661.6551x30263,"9311 Leblanc Bypass
New Robert, WI 74567",Yes
414,Manuel Davenport,melissavalencia@example.org,32,546.224.8365,"407 Charles Ridges
Allenfurt, MP 61488",Yes
415,Amber Wells,gailmorales@example.net,29,5836460904,"440 Glass Pines Apt. 507
Port Stephanie, TN 97351",Yes
416,Micheal Carter,williealvarez@example.org,33,979.624.0421,"722 Matthews Manor Apt. 949
South Thomas, AK 54601",No
417,Alexander Mclaughlin,anthonybarnes@example.org,39,+1-919-699-9234x7844,"204 Scott Path Suite 216
Thomasside, LA 60184",No
418,Michael Wheeler,tamara96@example.net,37,001-789-403-7244x82986,"6496 Brian River Apt. 201
North Anna, KY 91158",Yes
419,Kimberly Mcguire,nmcmillan@example.org,39,(782)367-3916x36522,"803 Linda Throughway
Wadechester, AL 68193",Yes
420,Jacqueline Medina,sandra17@example.net,25,+1-402-521-5048x507,"220 Amy Parkway
South Frederick, PW 83827",No
421,Tina Fox,josephlee@example.com,48,506-451-9216x41762,"87543 Garza Place
Barrettshire, ME 72055",No
422,Justin Murphy,danieltorres@example.com,44,(360)676-9520x00832,"Unit 5709 Box 2242
DPO AP 72555",No
423,Samantha Smith,lauren51@example.net,23,(824)541-9641,"6731 Kirk Springs
West Matthew, NH 10699",Yes
424,Wanda Robertson,dmiller@example.com,41,001-930-389-3134x38078,"35398 Donna Underpass
West Donald, OR 71426",No
425,Emily Rhodes,martincurry@example.org,19,001-648-558-0108x6512,"61098 Duncan Mills Suite 203
New Jonhaven, PR 44532",No
426,Darren Carroll,patrick17@example.org,32,263-605-0543x545,"892 Kathryn Canyon
Port Richard, GU 36301",Yes
427,Frank Johnson,edwardgomez@example.net,29,001-638-422-4159x57581,"699 James Gardens Suite 875
New Victoriamouth, RI 30677",Yes
428,Morgan Lyons,charles40@example.net,34,769.676.0495x751,"1602 James Points Suite 693
West Emilytown, VT 83593",Yes
429,Reginald Kim,jeffreydiaz@example.org,49,434-483-8240,"4826 Suzanne Port Apt. 122
Angelaside, KS 24337",Yes
430,Randy Mason,richard38@example.com,40,(591)547-1356x701,"9725 Hoover Rapids Suite 984
New Anthony, AR 47472",Yes
431,Benjamin Stone,julie38@example.net,34,001-625-611-5502x171,"5509 Aimee Lock
East Cynthialand, OH 94842",No
432,Charles Irwin,fowlerjason@example.com,43,842.302.1101x7042,"76277 Love Plains
Woodwardmouth, NC 28539",Yes
433,Dylan Maldonado,idodson@example.org,18,2905345094,"869 James Junctions Apt. 246
Port Anntown, MH 07051",Yes
434,Rachel Lane,wburns@example.net,41,001-739-548-6129x013,"22329 Kimberly Pike Suite 005
Lewisland, OR 53841",Yes
435,Carrie Ruiz,meredith91@example.net,31,794.297.3219x132,"08406 Fitzgerald Village Apt. 383
South Penny, GA 92764",No
436,Dr. Joe Davis,justin43@example.org,30,982.852.4097,"0291 Hunt Lodge Suite 155
Port Christinechester, WI 02847",Yes
437,Ralph Lee,hoffmangary@example.net,43,001-725-260-5240x74956,"08966 Meyer Mission Suite 422
Wilsonstad, WA 22162",No
438,Sarah Shannon,matthewsmith@example.com,23,001-258-376-8008x77370,"USNS Williams
FPO AA 63291",Yes
439,Eric Snyder,lucasbrandon@example.net,39,+1-977-221-1775,"191 Catherine Park Apt. 008
North Joann, MT 52061",No
440,Pam Nelson,charleslong@example.org,23,+1-259-574-3539,"66549 Rojas Harbor
New Emily, IL 02456",No
441,David Taylor,xsanchez@example.com,25,(697)734-5874x497,"483 Park Ville
South Meghan, CT 82283",Yes
442,Rhonda Hall,nmartinez@example.net,38,651.969.5418,"5147 Johnson Row Suite 793
East James, MH 39154",No
443,Melissa Hall,jennifer74@example.com,47,348.475.3829,"1683 Robert Meadows
Lisaland, TX 11793",No
444,Joshua Lewis,benjamin89@example.net,24,(585)514-6863x58531,"4430 Green Run Apt. 031
South Whitneyborough, IN 56467",Yes
445,Julie Vargas,stephen74@example.net,42,+1-204-997-4699x672,"92501 Rachel Station
Hamiltontown, RI 85336",Yes
446,Jeffery Bond,john07@example.org,18,285-312-3389x12600,"30782 Wong Keys
Port Jonathan, AL 41532",No
447,Victoria Hines,joann85@example.com,41,7448111359,"93320 Tucker Square
New Natashaview, MA 28405",Yes
448,James Vega,bobby38@example.org,31,(596)237-7049x2580,"USCGC Wall
FPO AP 24079",No
449,Jennifer Orozco,yle@example.org,29,(986)768-8110x27678,"5549 Hughes Extensions Suite 169
Valeriestad, MT 50843",Yes
450,Richard Howell,margaret92@example.org,35,6264076424,"060 Malone Prairie
South Lisa, NC 50678",Yes
451,Kathleen Leonard,morgan77@example.com,29,+1-755-976-1321x908,"15952 Paul Pike
New John, OK 08415",Yes
452,Rick Ellison,apriltaylor@example.net,38,+1-696-357-4621,"427 James Tunnel Suite 221
West Patricia, AL 87664",Yes
453,Kevin Wilson,lindarich@example.net,30,(778)993-2508,"00706 Long Mount Suite 081
Morrisland, FL 26891",No
454,Stephen Morgan,ybray@example.org,19,357.903.0903x13130,"0483 Ochoa Prairie
Cohenstad, MN 65708",Yes
455,Andrew Anderson,christine35@example.com,57,(483)620-7001,"71444 Monica Street
West Thomas, CA 08041",No
456,Shawn Austin,campbelltony@example.com,29,669-385-9488x65308,"929 Ryan Corner Apt. 578
New Dana, NV 18310",No
457,Debbie Boyd,andrewroberts@example.net,55,205.248.6309x6560,"173 Elizabeth Fords Apt. 444
Port Brandi, ID 52927",Yes
458,Stephanie Evans,dianathomas@example.com,23,3194021132,"USCGC Gutierrez
FPO AA 89642",Yes
459,Mr. Nicholas Martinez,ndavis@example.net,30,(528)591-2569,"70827 Torres Land Suite 879
Barbarafort, DE 01500",Yes
460,Alexandra Escobar,jjuarez@example.net,23,(408)650-0731,"76027 Ronald Square Suite 577
South Robinton, NE 74117",No
461,Cynthia Williams,iwest@example.org,41,+1-609-371-5525,"PSC 0554, Box 9166
APO AP 16760",No
462,Bob Reed,jasonknight@example.net,38,(910)504-9145x2008,"921 Rhonda Spring Suite 380
New Dawntown, IA 47871",No
463,Michael Savage,amber33@example.net,35,+1-394-495-5344x16894,"3286 Ross Fork
West Brianna, MD 73173",Yes
464,Patrick Dennis,parkerterri@example.net,26,+1-993-922-4517x8115,"640 Wu Parks
Watsonside, FL 36011",No
465,Peter Mann,wayne16@example.org,22,471.658.1371,"889 Sullivan Vista Suite 172
West Jeffery, NE 89673",Yes
466,James Chang,kathryn35@example.com,45,602.460.9044,"599 Ryan Expressway
New Christianberg, WV 71558",No
467,Taylor Andrade,dennisjessica@example.org,28,(546)821-9917x491,"0181 Suarez Springs
East Sara, KY 60098",No
468,Erin Jones,tyler14@example.net,32,(465)722-1399x52215,"924 Leon Road Suite 110
Barneston, NV 68489",Yes
469,Anthony Brown,sanchezmatthew@example.com,28,(272)447-4605,"48315 Huber Burg Apt. 808
New Joshuastad, GA 79461",No
470,Michael Cantrell,george77@example.com,29,645.458.4602,"075 Amy Freeway
Lorimouth, SC 22589",No
471,Brandy Bennett,adamoneill@example.org,18,827-612-9399,"2317 Patrick Ways Apt. 848
New Joseside, NJ 91178",Yes
472,Troy Snyder,jeffrey92@example.net,24,(574)431-5633x7319,"58230 Mosley Meadow Suite 010
Heidibury, ME 97926",No
473,Jason Maynard,jeffreyhodges@example.com,45,(446)448-6832,"4524 Douglas Turnpike
Kurtville, WA 03906",No
474,Linda Grant,jeffery08@example.net,47,722.587.9697x31580,"23878 Lisa Spring
Port Kimberly, AR 25902",No
475,Allison Torres,paul92@example.com,21,346-391-2230,"USCGC Hopkins
FPO AP 54021",No
476,Danielle Cooper,lynchdavid@example.net,21,001-411-575-9303x296,"8069 Amber Shoal Apt. 951
Kimberlyfurt, KS 30222",No
477,Linda Yang,hufftara@example.com,33,+1-683-975-8473x74151,"02609 Eugene Overpass Suite 028
Lake Christopher, GU 72484",Yes
478,Shelly Hampton,pachecoemily@example.com,32,001-264-227-2048x77902,"27830 Hill Creek Suite 942
East Nicole, HI 43229",Yes
479,Christopher Wheeler,tyler86@example.net,24,606.747.1837x976,"PSC 0050, Box 9093
APO AE 42793",Yes
480,Andrea Elliott,yateskristi@example.org,20,001-441-280-4794x9421,"6490 Patricia Well Suite 205
Lake Robert, MH 33655",Yes
481,Cynthia Finley,mendozaadam@example.net,33,241-210-3981x4013,"038 Dustin Drive
Carrside, WA 73412",No
482,Ryan Adams,wagnermaurice@example.org,18,574.986.5006x076,"63560 Michael Well Apt. 662
South Gordonshire, MO 87115",No
483,Marcus Beck,wagnerjose@example.org,18,+1-652-260-2715,"Unit 1524 Box 4382
DPO AE 17483",No
484,Renee Owen,hamptoneric@example.net,20,409.513.5688x726,"0467 Lindsey Branch Apt. 998
South Jessechester, FL 79410",Yes
485,Mr. Jeffrey Strickland,aroberts@example.net,18,+1-311-279-4146x87873,"3291 Flores Ports
Ramirezport, MD 60489",No
486,Jacob Carey,robert21@example.org,28,500.990.4051,"623 Rebecca Parkway Suite 303
New Antonio, NE 87650",No
487,Heather Alvarez DDS,tmckinney@example.net,31,001-999-605-4790x399,"432 Derek Keys
Lake Jenniferborough, KY 32184",Yes
488,Jeffrey Sutton,michael58@example.org,55,001-587-764-9935x540,"9345 Danielle Way Apt. 107
Bennettbury, AL 43019",Yes
489,Jose Ray,pboyer@example.com,18,846.980.2251x02482,"619 Wade Mills
Jamesmouth, OK 92594",No
490,Sarah Jimenez,scottderek@example.com,35,+1-940-551-3315x0434,"USCGC Collins
FPO AE 91517",Yes
491,Tina Camacho,valerie03@example.net,40,+1-830-743-5907x829,"8982 Leah Grove
Shawton, WY 01892",No
492,Phillip Garza,blackwellamber@example.org,39,(993)782-5425x7130,"7437 Colin Plain Suite 140
South Rachelport, CO 67854",No
493,Lisa Ortega,freemanandrew@example.org,40,884.687.6948,"0502 Davis Rest Suite 755
Georgetown, NM 06217",Yes
494,Daniel Burnett,claire94@example.com,32,(723)923-4631x79851,"23101 Edward Mission Suite 813
Lesliechester, WI 84205",Yes
495,Nicole Flores,danielle36@example.com,37,001-659-627-7802x34070,"822 Thomas Knoll Apt. 072
South Jody, MD 02827",No
496,Sarah Morales,melissaperez@example.org,18,+1-678-494-3589,"9063 Tracy Forks
South Richardfurt, IN 46753",No
497,Michael Shelton,jessicanunez@example.net,34,376.885.7337x86981,"35794 Hodges Causeway Suite 514
Joychester, OR 20294",No
498,Lisa Hardy,vgalvan@example.com,48,798-569-5670,"2206 Nelson Port Apt. 900
Lake Joyceville, DE 56445",No
499,Jennifer Powers,awalker@example.org,34,499-714-4940x9686,"9502 Clinton Green
Marthafort, OK 24376",Yes
500,Andrew English,rebecca37@example.com,25,682-562-9523x9099,"4827 Washington Manors Apt. 093
East Amandachester, RI 26866",No
